{
	"IcoMoonType": "selection",
	"icons": [
		{
			"icon": {
				"paths": [
					"M810.667 128h-178.56c-17.493-49.493-64.427-85.333-120.107-85.333s-102.613 35.84-120.107 85.333h-178.56c-47.147 0-85.333 38.187-85.333 85.333v597.333c0 47.147 38.187 85.333 85.333 85.333h597.333c47.147 0 85.333-38.187 85.333-85.333v-597.333c0-47.147-38.187-85.333-85.333-85.333zM512 128c23.467 0 42.667 18.987 42.667 42.667s-19.2 42.667-42.667 42.667-42.667-18.987-42.667-42.667 19.2-42.667 42.667-42.667zM597.333 725.333h-298.667v-85.333h298.667v85.333zM725.333 554.667h-426.667v-85.333h426.667v85.333zM725.333 384h-426.667v-85.333h426.667v85.333z"
				],
				"attrs": [],
				"isMulticolor": false,
				"tags": [
					"assignment"
				],
				"grid": 24
			},
			"attrs": [],
			"properties": {
				"id": 16,
				"order": 12,
				"prevSize": 24,
				"code": 58880,
				"name": "assignment"
			},
			"setIdx": 0,
			"setId": 5,
			"iconIdx": 16
		},
		{
			"icon": {
				"paths": [
					"M430.293 664.96l60.373 60.373 213.333-213.333-213.333-213.333-60.373 60.373 110.293 110.293h-412.587v85.333h412.587l-110.293 110.293zM810.667 128h-597.333c-47.147 0-85.333 38.187-85.333 85.333v170.667h85.333v-170.667h597.333v597.333h-597.333v-170.667h-85.333v170.667c0 47.147 38.187 85.333 85.333 85.333h597.333c47.147 0 85.333-38.187 85.333-85.333v-597.333c0-47.147-38.187-85.333-85.333-85.333z"
				],
				"attrs": [],
				"isMulticolor": false,
				"tags": [
					"exit-to-app"
				],
				"grid": 24
			},
			"attrs": [],
			"properties": {
				"id": 38,
				"order": 13,
				"prevSize": 24,
				"code": 58881,
				"name": "exit-to-app"
			},
			"setIdx": 0,
			"setId": 5,
			"iconIdx": 38
		},
		{
			"icon": {
				"paths": [
					"M384 213.333v85.333h280.96l-494.293 494.293 60.373 60.373 494.293-494.293v280.96h85.333v-426.667z"
				],
				"attrs": [],
				"isMulticolor": false,
				"tags": [
					"call-made"
				],
				"grid": 24
			},
			"attrs": [],
			"properties": {
				"id": 217,
				"order": 8,
				"prevSize": 24,
				"code": 58888,
				"name": "call-made"
			},
			"setIdx": 0,
			"setId": 5,
			"iconIdx": 217
		},
		{
			"icon": {
				"paths": [
					"M853.333 231.040l-60.373-60.373-494.293 494.293v-280.96h-85.333v426.667h426.667v-85.333h-280.96z"
				],
				"attrs": [],
				"isMulticolor": false,
				"tags": [
					"call-received"
				],
				"grid": 24
			},
			"attrs": [],
			"properties": {
				"id": 220,
				"order": 9,
				"prevSize": 24,
				"code": 58889,
				"name": "call-received"
			},
			"setIdx": 0,
			"setId": 5,
			"iconIdx": 220
		},
		{
			"icon": {
				"paths": [
					"M810.667 554.667h-256v256h-85.333v-256h-256v-85.333h256v-256h85.333v256h256v85.333z"
				],
				"attrs": [],
				"isMulticolor": false,
				"tags": [
					"add"
				],
				"grid": 24
			},
			"attrs": [],
			"properties": {
				"id": 253,
				"order": 10,
				"prevSize": 24,
				"code": 58882,
				"name": "add"
			},
			"setIdx": 0,
			"setId": 5,
			"iconIdx": 253
		},
		{
			"icon": {
				"paths": [
					"M810.667 554.667h-597.333v-85.333h597.333v85.333z"
				],
				"attrs": [],
				"isMulticolor": false,
				"tags": [
					"remove"
				],
				"grid": 24
			},
			"attrs": [],
			"properties": {
				"id": 275,
				"order": 11,
				"prevSize": 24,
				"code": 58883,
				"name": "remove"
			},
			"setIdx": 0,
			"setId": 5,
			"iconIdx": 275
		},
		{
			"icon": {
				"paths": [
					"M512 341.333c-94.293 0-170.667 76.373-170.667 170.667s76.373 170.667 170.667 170.667 170.667-76.373 170.667-170.667-76.373-170.667-170.667-170.667zM893.44 469.333c-19.627-177.92-160.853-319.147-338.773-338.773v-87.893h-85.333v87.893c-177.92 19.627-319.147 160.853-338.773 338.773h-87.893v85.333h87.893c19.627 177.92 160.853 319.147 338.773 338.773v87.893h85.333v-87.893c177.92-19.627 319.147-160.853 338.773-338.773h87.893v-85.333h-87.893zM512 810.667c-164.907 0-298.667-133.76-298.667-298.667s133.76-298.667 298.667-298.667 298.667 133.76 298.667 298.667-133.76 298.667-298.667 298.667z"
				],
				"attrs": [],
				"isMulticolor": false,
				"tags": [
					"gps-fixed"
				],
				"grid": 24
			},
			"attrs": [],
			"properties": {
				"id": 322,
				"order": 3,
				"prevSize": 24,
				"code": 58890,
				"name": "gps-fixed"
			},
			"setIdx": 0,
			"setId": 5,
			"iconIdx": 322
		},
		{
			"icon": {
				"paths": [
					"M893.44 469.333c-19.627-177.92-160.853-319.147-338.773-338.773v-87.893h-85.333v87.893c-177.92 19.627-319.147 160.853-338.773 338.773h-87.893v85.333h87.893c19.627 177.92 160.853 319.147 338.773 338.773v87.893h85.333v-87.893c177.92-19.627 319.147-160.853 338.773-338.773h87.893v-85.333h-87.893zM512 810.667c-164.907 0-298.667-133.76-298.667-298.667s133.76-298.667 298.667-298.667 298.667 133.76 298.667 298.667-133.76 298.667-298.667 298.667z"
				],
				"attrs": [],
				"isMulticolor": false,
				"tags": [
					"gps-not-fixed"
				],
				"grid": 24
			},
			"attrs": [],
			"properties": {
				"id": 323,
				"order": 2,
				"prevSize": 24,
				"code": 58891,
				"name": "gps-not-fixed"
			},
			"setIdx": 0,
			"setId": 5,
			"iconIdx": 323
		},
		{
			"icon": {
				"paths": [
					"M853.333 469.333h-519.253l238.293-238.293-60.373-60.373-341.333 341.333 341.333 341.333 60.373-60.373-238.293-238.293h519.253v-85.333z"
				],
				"attrs": [],
				"isMulticolor": false,
				"tags": [
					"arrow-back"
				],
				"grid": 24
			},
			"attrs": [],
			"properties": {
				"id": 672,
				"order": 7,
				"prevSize": 24,
				"code": 58884,
				"name": "arrow-back"
			},
			"setIdx": 0,
			"setId": 5,
			"iconIdx": 672
		},
		{
			"icon": {
				"paths": [
					"M512 170.667l-60.373 60.373 238.293 238.293h-519.253v85.333h519.253l-238.293 238.293 60.373 60.373 341.333-341.333z"
				],
				"attrs": [],
				"isMulticolor": false,
				"tags": [
					"arrow-forward"
				],
				"grid": 24
			},
			"attrs": [],
			"properties": {
				"id": 676,
				"order": 6,
				"prevSize": 24,
				"code": 58885,
				"name": "arrow-forward"
			},
			"setIdx": 0,
			"setId": 5,
			"iconIdx": 676
		},
		{
			"icon": {
				"paths": [
					"M384 689.92l-177.92-177.92-60.373 60.373 238.293 238.293 512-512-60.373-60.373z"
				],
				"attrs": [],
				"isMulticolor": false,
				"tags": [
					"check"
				],
				"grid": 24
			},
			"attrs": [],
			"properties": {
				"id": 678,
				"order": 5,
				"prevSize": 24,
				"code": 58886,
				"name": "check"
			},
			"setIdx": 0,
			"setId": 5,
			"iconIdx": 678
		},
		{
			"icon": {
				"paths": [
					"M810.667 273.707l-60.373-60.373-238.293 238.293-238.293-238.293-60.373 60.373 238.293 238.293-238.293 238.293 60.373 60.373 238.293-238.293 238.293 238.293 60.373-60.373-238.293-238.293z"
				],
				"attrs": [],
				"isMulticolor": false,
				"tags": [
					"close"
				],
				"grid": 24
			},
			"attrs": [],
			"properties": {
				"id": 681,
				"order": 4,
				"prevSize": 24,
				"code": 58887,
				"name": "close"
			},
			"setIdx": 0,
			"setId": 5,
			"iconIdx": 681
		},
		{
			"icon": {
				"paths": [
					"M128 768h768v-85.333h-768v85.333zM128 554.667h768v-85.333h-768v85.333zM128 256v85.333h768v-85.333h-768z"
				],
				"attrs": [],
				"isMulticolor": false,
				"tags": [
					"menu"
				],
				"grid": 24
			},
			"attrs": [],
			"properties": {
				"id": 686,
				"order": 1,
				"prevSize": 24,
				"code": 58892,
				"name": "menu"
			},
			"setIdx": 0,
			"setId": 5,
			"iconIdx": 686
		}
	],
	"height": 1024,
	"metadata": {
		"name": "icomoon"
	},
	"preferences": {
		"showGlyphs": true,
		"showQuickUse": true,
		"showQuickUse2": true,
		"showSVGs": true,
		"fontPref": {
			"prefix": "icon-",
			"metadata": {
				"fontFamily": "icomoon"
			},
			"metrics": {
				"emSize": 1024,
				"baseline": 6.25,
				"whitespace": 50
			},
			"autoHost": false
		},
		"imagePref": {
			"prefix": "icon-",
			"png": false,
			"useClassSelector": true,
			"color": 0,
			"bgColor": 16777215,
			"classSelector": ".icon",
			"columns": 16,
			"margin": 16,
			"height": 32,
			"autoHost": true
		},
		"historySize": 100,
		"showCodes": false,
		"quickUsageToken": {
			"bttts": "NjJiZTg0MDk2NjM2NzMxZTRiMzQ2NWM5MzUzYjE0N2EjMSMxNDM1MDQ5Njc2IyMj"
		},
		"fontHostingName": false,
		"imageHostingName": false
	}
}